url,company_name,title,description,text_content,markdown_content,scraped_at
http://www.simplifytheinternet.com/,"WSI Comandix","Top Digital Marketing Agency | WSI Comandix","WSI is a digital marketing agency servicing Canada since 1999. We help clients in Markham and Toronto improve their online presence through SEO, PPC, Web design, and more.","Top Digital Marketing Agency | WSI Comandix
Google Premier Partner
As a Google Premier Partner, WSI holds a significant rank in the Google Partner Program. This means that Google acknowledges WSI as an AdWords certified partner and approves that we qualify for Google's highest standards and quality criteria. In order to qualify as a Partner, an agency must continuously meet Google's requirements in three areas: certification, ad spend, and performance. Being a Partner means WSI is knowledgeable, experienced, and successful at Paid Search. In other words, we know how to optimize a campaign so it makes you money. It also means that we have a great relationship with Google and direct access to their representatives. We get to hear about the new or upcoming Google features and as a Partner, we get access to advanced training and support, which our clients directly benefit from.","# Top Digital Marketing Agency | WSI Comandix

### Google Premier Partner

As a Google Premier Partner, WSI holds a significant rank in the Google Partner Program. This means that Google acknowledges WSI as an AdWords certified partner and approves that we qualify for Google's highest standards and quality criteria. In order to qualify as a Partner, an agency must continuously meet Google's requirements in three areas: certification, ad spend, and performance. Being a Partner means WSI is knowledgeable, experienced, and successful at Paid Search. In other words, we know how to optimize a campaign so it makes you money. It also means that we have a great relationship with Google and direct access to their representatives. We get to hear about the new or upcoming Google features and as a Partner, we get access to advanced training and support, which our clients directly benefit from.","2025-09-10"
http://www.ignitedigital.com/,"Ignite Digital","Results-Driven Digital Marketing Agency | Ignite Digital","Ignite Digital is a leading digital marketing agency offering SEO to PPC to help businesses grow online. Get results-driven digital marketing help today!","Results-Driven Digital Marketing Agency | Ignite Digital
Ignite Your Brand with a Top Digital Agency
Unlock growth with bold, data-driven internet marketing services. From SEO to social media, we amplify visibility, engagement, and ROI for unstoppable success.
500+ happy customers
Your Competitors,
Our Insights
Ready to Compare your Competitors?
Fill Out the Form, and Let our Experts Handle the Rest
""*"" indicates required fields
Our Simple Process
How We Work
Competitive Strategy Call
Learn about your business goals
Receive a sneak peek of your competitor's website strength & marketing strategy
Compare strengths & weaknesses of your competitors
Campaign Planning
Keyword research & data shared with client
Audience research & data shared with client
Ad Copy & Design insights shared with client
Landing page investigation & optimization
Analyze Performance Data
Launch campaigns that captivate and deliver.
Daily optimization by specialized team for increased performance & maximized ROI
Identify top-performing campaigns and uncover untapped opportunities for growth.
Scale Big, Measure Smart
Dedicated Account Manager organizes repeated meetings for performance monitoring
Dedicated Account Manager provides recommendations, performance upgrades & campaign ideas
Digital Marketing
Strategies that Perform
Meet your new Competitive Advantage
Search Engine Optimization
Essential for a successful digital marketing strategy.
Boost website traffic and achieve top search engine rankings.
Thorough keyword research and testing to target high-traffic terms.
Customized SEO campaigns designed to meet your business goals.
Ongoing performance optimization with weekly progress reviews.
Paid Advertisement Campaigns
Define and target your ideal audience for maximum impact.
Craft compelling ad copy that highlights your product or service.
Monitor and optimize performance daily for optimal results.
Leverage advanced tools and AI to scale performance and gain insights.
Create high-performing ad campaigns across platforms like Google Ads, Facebook, LinkedIn, Microsoft Ads & more
Website Design and Development
Custom website organization and layout tailored to your brand.
Engage and retain loyal customers through seamless user experience.
Design and develop websites from the ground up, starting fresh.
Ensure your website effectively represents your business's unique needs and goals.
Expert design and management for websites built on WordPress, Shopify, Magento, and more.
Social Media Management
Connect with new potential customers through targeted social strategies.
Engage and nurture relationships with loyal customers who love your brand.
Boost brand awareness, recognition, and reach across key platforms.
Expert management of Facebook, Instagram, Twitter, LinkedIn, and more.
Create tailored content that resonates with your audience and drives engagement.
We live in an age where online media reigns supreme.
85.5 billion visits: Google.com achieved this remarkable number in March 2024.
5 trillion searches: By March 2025, Google revealed an incredible 5 trillion searches annually.
These impressive figures underline the dominance of online platforms, reshaping how we access and share information in today's connected world.
Meet Your
New Customers
Harnessing Unique Online Identities
Every individual has a unique online identity, shaped by the websites they visit, the interests they pursue, and the profiles they interact with.
At Ignite Digital, we leverage this wealth of data and advanced tools to:
Pinpoint your ideal target audience
Ensure your message connects at the right time
This targeted approach from our digital marketing company ensures your product or service stands out and reaches the people who matter most.","# Results-Driven Digital Marketing Agency | Ignite Digital

## Ignite Your Brand with a Top Digital Agency

#### Unlock growth with bold, data-driven internet marketing services. From SEO to social media, we amplify visibility, engagement, and ROI for unstoppable success.

**500+** happy customers  
![Happy Customers](https://b2953621.smushcdn.com/2953621/wp-content/uploads/2025/01/happy-customers.png?lossy=2&strip=1&webp=1)","2025-09-10"
http://www.clearmotive.ca/,"clearmotive","clearmotive | Homepage | Marketing & Customer Experience Agency","We help ambitious brands uncover growth opportunities, navigate complexity, and build marketing engines that drive revenue with measurable business results.","clearmotive | Homepage | Marketing & Customer Experience Agency
We help ambitious brands win in fiercely competitive industries.
Fanatical
We're a marketing and customer experience agency
and we're fanatical about your customers.
Because what drives your customers
drives your growth.
We're a marketing and customer experience agency and we're fanatical about your customers. Because what drives your customers drives your growth.
These logos have stories to tell.
For over 15 years, amazing brands have trusted us to deliver. Here's just a glimpse at who's been along for the ride.","# clearmotive | Homepage | Marketing & Customer Experience Agency

## We help ambitious brands win in fiercely competitive industries.

## Fanatical

We're a marketing and customer experience agency

and we're fanatical about your customers.

Because what drives your customers

drives your growth.

We're a marketing and customer experience agency and we're fanatical about your customers. Because what drives your customers drives your growth.

## These logos have stories to tell.

For over 15 years, amazing brands have trusted us to deliver. Here's just a glimpse at who's been along for the ride.","2025-09-10"
http://www.macraes.com/,"MacRAE'S","MacRAE'S: AI Powered Digital Marketing and Growth Agency","MacRAE'S is an AI-driven digital marketing company helping B2B brands across the US and Canada unlock sustainable online growth through smarter strategies.","AI Powered Digital Marketing and Growth Agency
Your Digital Marketing Growth Partner for the AI Era 
Scalable Strategies. Intelligent Automation. Marketing That Drives Results. 
MacRAE'S partners with businesses across North America to deliver AI-enabled digital marketing solutions focused on measurable growth and long-term success. From mid-sized companies to large enterprises, we help you outperform competitors—not just keep up. 
100+ 
Testimonials & Reviews 
Growth-Driven.Tech-Led. Expert-Built.
We're not just a marketing provider—we're a strategic growth partner. We align your business goals with high-impact marketing strategies enhanced by AI, automation, and decades of industry insight.
AI-Powered Insights
Streamlined data analysis, predictive performance, smarter decision-making.
ROI-Focused Execution
Clear KPIs, transparent reporting, and strategies built for revenue outcomes.
Partnership Mindset
We work with your internal team—not around them—to deliver aligned growth.","# AI Powered Digital Marketing and Growth Agency

![](https://d.adroll.com/cm/b/out?adroll_fpc=e10a0cf17748c9da37978e26604551ad-1757491349260&pv=48772347455.487686&arrfrr=https%3A%2F%2Fmacraes.com%2F&advertisable=THUDGBQSPFBLHKKCTV2COW)![](https://d.adroll.com/cm/bombora/out?adroll_fpc=e10a0cf17748c9da37978e26604551ad-1757491349260&pv=48772347455.487686&arrfrr=https%3A%2F%2Fmacraes.com%2F&advertisable=THUDGBQSPFBLHKKCTV2COW)![](https://d.adroll.com/cm/experian/out?adroll_fpc=e10a0cf17748c9da37978e26604551ad-1757491349260&pv=48772347455.487686&arrfrr=https%3A%2F%2Fmacraes.com%2F&advertisable=THUDGBQSPFBLHKKCTV2COW)![](https://d.adroll.com/cm/g/out?adroll_fpc=e10a0cf17748c9da37978e26604551ad-1757491349260&pv=48772347455.487686&arrfrr=https%3A%2F%2Fmacraes.com%2F&advertisable=THUDGBQSPFBLHKKCTV2COW)![](https://d.adroll.com/cm/index/out?adroll_fpc=e10a0cf17748c9da37978e26604551ad-1757491349260&pv=48772347455.487686&arrfrr=https%3A%2F%2Fmacraes.com%2F&advertisable=THUDGBQSPFBLHKKCTV2COW)![](https://d.adroll.com/cm/l/out?adroll_fpc=e10a0cf17748c9da37978e26604551ad-1757491349260&pv=48772347455.487686&arrfrr=https%3A%2F%2Fmacraes.com%2F&advertisable=THUDGBQSPFBLHKKCTV2COW)![](https://d.adroll.com/cm/n/out?adroll_fpc=e10a0cf17748c9da37978e26604551ad-1757491349260&pv=48772347455.487686&arrfrr=https%3A%2F%2Fmacraes.com%2F&advertisable=THUDGBQSPFBLHKKCTV2COW)![](https://d.adroll.com/cm/o/out?adroll_fpc=e10a0cf17748c9da37978e26604551ad-1757491349260&pv=48772347455.487686&arrfrr=https%3A%2F%2Fmacraes.com%2F&advertisable=THUDGBQSPFBLHKKCTV2COW)![](https://d.adroll.com/cm/outbrain/out?adroll_fpc=e10a0cf17748c9da37978e26604551ad-1757491349260&pv=48772347455.487686&arrfrr=https%3A%2F%2Fmacraes.com%2F&advertisable=THUDGBQSPFBLHKKCTV2COW)![](https://d.adroll.com/cm/pubmatic/out?adroll_fpc=e10a0cf17748c9da37978e26604551ad-1757491349260&pv=48772347455.487686&arrfrr=https%3A%2F%2Fmacraes.com%2F&advertisable=THUDGBQSPFBLHKKCTV2COW)![](https://d.adroll.com/cm/taboola/out?adroll_fpc=e10a0cf17748c9da37978e26604551ad-1757491349260&pv=48772347455.487686&arrfrr=https%3A%2F%2Fmacraes.com%2F&advertisable=THUDGBQSPFBLHKKCTV2COW)![](https://d.adroll.com/cm/triplelift/out?adroll_fpc=e10a0cf17748c9da37978e26604551ad-1757491349260&pv=48772347455.487686&arrfrr=https%3A%2F%2Fmacraes.com%2F&advertisable=THUDGBQSPFBLHKKCTV2COW)![](https://d.adroll.com/cm/x/out?adroll_fpc=e10a0cf17748c9da37978e26604551ad-1757491349260&pv=48772347455.487686&arrfrr=https%3A%2F%2Fmacraes.com%2F&advertisable=THUDGBQSPFBLHKKCTV2COW)

![](https://d.adroll.com/p/THUDGBQSPFBLHKKCTV2COW/?adroll_fpc=e10a0cf17748c9da37978e26604551ad-1757491349260&pv=48772347455.487686&arrfrr=https%3A%2F%2Fmacraes.com%2F&adroll_product_id=/)

## Your Digital Marketing Growth Partner for the AI Era

**Scalable Strategies. Intelligent Automation. Marketing That Drives Results.**","2025-09-10"